{
  "name": "14. Connect Google Credentials",
  "nodes": [
    {
      "parameters": {
        "options": {}
      },
      "type": "@n8n/n8n-nodes-langchain.chatTrigger",
      "typeVersion": 1.1,
      "position": [
        -600,
        -80
      ],
      "id": "e2cf46fb-af6d-4e91-befd-8b26f929d2dc",
      "name": "When chat message received",
      "webhookId": "c2d94b2d-c982-4ebe-8dd3-329dd885bc6a"
    },
    {
      "parameters": {
        "operation": "download",
        "fileId": {
          "__rl": true,
          "value": "19Gi9B0sCZA80UdCP9E4ZNdrtaVlE7_ItEABQspqTqVQ",
          "mode": "list",
          "cachedResultName": "Inventory Management",
          "cachedResultUrl": "https://docs.google.com/spreadsheets/d/19Gi9B0sCZA80UdCP9E4ZNdrtaVlE7_ItEABQspqTqVQ/edit?usp=drivesdk"
        },
        "options": {}
      },
      "type": "n8n-nodes-base.googleDrive",
      "typeVersion": 3,
      "position": [
        -180,
        -380
      ],
      "id": "03177c0a-455b-49c4-8966-33e68b998e79",
      "name": "Google Drive",
      "credentials": {
        "googleDriveOAuth2Api": {
          "id": "6MppGArUnSFfgSWS",
          "name": "Google Drive account"
        }
      }
    },
    {
      "parameters": {},
      "type": "n8n-nodes-base.googleDocs",
      "typeVersion": 2,
      "position": [
        -180,
        -180
      ],
      "id": "0241627d-f09d-4f80-9fad-fac8d0348fa0",
      "name": "Google Docs"
    },
    {
      "parameters": {
        "messageUi": {},
        "additionalFields": {}
      },
      "type": "n8n-nodes-base.googleChat",
      "typeVersion": 1,
      "position": [
        -180,
        20
      ],
      "id": "71fa27b9-4c81-4778-af49-cdd4b5a70f27",
      "name": "Google Chat",
      "webhookId": "6a12bd3d-1ab3-4eb1-ba79-a2d85a755bb3"
    },
    {
      "parameters": {},
      "type": "n8n-nodes-base.googleSlides",
      "typeVersion": 2,
      "position": [
        -180,
        220
      ],
      "id": "5b75c6a1-d25a-441d-a131-c289bd09c94f",
      "name": "Google Slides"
    }
  ],
  "connections": {
    "When chat message received": {
      "main": [
        [
          {
            "node": "Google Drive",
            "type": "main",
            "index": 0
          },
          {
            "node": "Google Docs",
            "type": "main",
            "index": 0
          },
          {
            "node": "Google Chat",
            "type": "main",
            "index": 0
          },
          {
            "node": "Google Slides",
            "type": "main",
            "index": 0
          }
        ]
      ]
    },
    "Google Drive": {
      "main": [
        []
      ]
    },
    "Google Docs": {
      "main": [
        []
      ]
    }
  },
  "settings": {
    "executionOrder": "v1"
  },
  "staticData": null,
  "pinData": {},
  "triggerCount": 0,
  "meta": {
    "templateCredsSetupCompleted": true
  }
}