{
  "name": "My workflow 8",
  "nodes": [
    {
      "parameters": {},
      "type": "n8n-nodes-base.manualTrigger",
      "typeVersion": 1,
      "position": [
        0,
        0
      ],
      "id": "3db327d8-b99e-4c90-9314-df1c092e8f18",
      "name": "When clicking ‘Execute workflow’"
    },
    {
      "parameters": {
        "resource": "video",
        "operation": "update",
        "updateFields": {}
      },
      "type": "n8n-nodes-base.youTube",
      "typeVersion": 1,
      "position": [
        220,
        0
      ],
      "id": "4f5f7159-7125-4dae-b30d-53fc71eca926",
      "name": "YouTube"
    }
  ],
  "connections": {
    "When clicking ‘Execute workflow’": {
      "main": [
        [
          {
            "node": "YouTube",
            "type": "main",
            "index": 0
          }
        ]
      ]
    }
  },
  "settings": {
    "executionOrder": "v1"
  },
  "staticData": null,
  "pinData": {},
  "triggerCount": 0,
  "meta": {
    "templateCredsSetupCompleted": true
  }
}