{
  "name": "My workflow 9",
  "nodes": [
    {
      "parameters": {
        "formTitle": "Template Data",
        "formFields": {
          "values": [
            {
              "fieldLabel": "Name ",
              "requiredField": true
            },
            {
              "fieldLabel": "Email Id",
              "fieldType": "email",
              "requiredField": true
            },
            {
              "fieldLabel": "Which word you selected",
              "fieldType": "dropdown",
              "fieldOptions": {
                "values": [
                  {
                    "option": "RAG"
                  },
                  {
                    "option": "Automation"
                  }
                ]
              }
            }
          ]
        },
        "options": {}
      },
      "type": "n8n-nodes-base.formTrigger",
      "typeVersion": 2.2,
      "position": [
        0,
        0
      ],
      "id": "f0328494-3737-462a-b525-f1fc9761148a",
      "name": "On form submission",
      "webhookId": "7853acc3-5d71-4500-a312-b816697b3bec"
    }
  ],
  "connections": {},
  "settings": {
    "executionOrder": "v1"
  },
  "staticData": null,
  "pinData": {},
  "triggerCount": 1,
  "meta": null
}