{
  "name": "17. Community Node in n8n",
  "nodes": [
    {
      "parameters": {},
      "type": "n8n-nodes-base.manualTrigger",
      "typeVersion": 1,
      "position": [
        -260,
        -100
      ],
      "id": "6edeee52-fa5d-48ff-9627-b13c8da017a9",
      "name": "When clicking ‘Execute workflow’"
    },
    {
      "parameters": {
        "method": "POST",
        "url": "https://api.tavily.com/search",
        "authentication": "genericCredentialType",
        "genericAuthType": "httpHeaderAuth",
        "sendBody": true,
        "specifyBody": "json",
        "jsonBody": "{\n  \"query\": \"what is AI Automation?\",\n  \"topic\": \"general\",\n  \"search_depth\": \"basic\",\n  \"chunks_per_source\": 3,\n  \"max_results\": 1,\n  \"time_range\": null,\n  \"days\": 7,\n  \"include_answer\": true,\n  \"include_raw_content\": false,\n  \"include_images\": false,\n  \"include_image_descriptions\": false,\n  \"include_domains\": [],\n  \"exclude_domains\": []\n}",
        "options": {}
      },
      "type": "n8n-nodes-base.httpRequest",
      "typeVersion": 4.2,
      "position": [
        20,
        -220
      ],
      "id": "67f4ac70-b663-4347-945c-d37c2035088e",
      "name": "Tavily Search",
      "credentials": {
        "httpHeaderAuth": {
          "id": "FXdXciEKAciPBG5K",
          "name": "Tavily Account"
        }
      }
    },
    {
      "parameters": {
        "query": "What is AI Automation",
        "options": {}
      },
      "type": "@tavily/n8n-nodes-tavily.tavily",
      "typeVersion": 1,
      "position": [
        0,
        100
      ],
      "id": "19288edf-4b18-47b4-ac4e-88d838a1dcf8",
      "name": "Tavily",
      "credentials": {
        "tavilyApi": {
          "id": "HF3pf2YlRbcuGaOQ",
          "name": "Tavily account"
        }
      }
    }
  ],
  "connections": {
    "When clicking ‘Execute workflow’": {
      "main": [
        []
      ]
    }
  },
  "settings": {
    "executionOrder": "v1"
  },
  "staticData": null,
  "pinData": {},
  "triggerCount": 0,
  "meta": {
    "templateCredsSetupCompleted": true
  }
}