{
  "name": "My workflow 15",
  "nodes": [
    {
      "parameters": {
        "options": {}
      },
      "type": "@n8n/n8n-nodes-langchain.chatTrigger",
      "typeVersion": 1.1,
      "position": [
        0,
        0
      ],
      "id": "b23ed545-10c4-4847-879a-16bb57020d83",
      "name": "When chat message received",
      "webhookId": "7c789c22-cae6-4a2f-9027-22e74e596b80"
    },
    {
      "parameters": {
        "options": {}
      },
      "type": "@n8n/n8n-nodes-langchain.agent",
      "typeVersion": 2,
      "position": [
        220,
        0
      ],
      "id": "5b2ba8f2-50a2-44bc-b958-8d0979a9be78",
      "name": "AI Agent"
    }
  ],
  "connections": {
    "When chat message received": {
      "main": [
        [
          {
            "node": "AI Agent",
            "type": "main",
            "index": 0
          }
        ]
      ]
    }
  },
  "settings": {
    "executionOrder": "v1"
  },
  "staticData": null,
  "pinData": {},
  "triggerCount": 0,
  "meta": null
}