{
  "name": "My workflow 10",
  "nodes": [
    {
      "parameters": {
        "formTitle": "Instagram Resource Sender",
        "formDescription": "Please fill out the details below so we can send your requested resource directly to your inbox.\nSelect the word you commented on Instagram — it helps us deliver the right content to the right person!",
        "formFields": {
          "values": [
            {
              "fieldLabel": "What is your Name",
              "placeholder": "First Name",
              "requiredField": true
            },
            {
              "fieldLabel": "Email ID",
              "fieldType": "email",
              "placeholder": "Enter your email – you’ll receive the resource here",
              "requiredField": true
            },
            {
              "fieldLabel": "Comment Word",
              "fieldType": "dropdown",
              "fieldOptions": {
                "values": [
                  {
                    "option": "automation"
                  },
                  {
                    "option": "test"
                  },
                  {
                    "option": "ai agent"
                  }
                ]
              }
            }
          ]
        },
        "options": {}
      },
      "type": "n8n-nodes-base.formTrigger",
      "typeVersion": 2.2,
      "position": [
        -240,
        -20
      ],
      "id": "f742271b-7d19-4d54-b3e8-b6fd10978fb7",
      "name": "On form submission",
      "webhookId": "b224a119-79ae-4357-838e-3bd118d01e08"
    },
    {
      "parameters": {
        "resource": "databasePage",
        "operation": "getAll",
        "databaseId": {
          "__rl": true,
          "value": "221b06aa-7d2e-8022-8d78-e79e0efaf861",
          "mode": "list",
          "cachedResultName": "Automate DM",
          "cachedResultUrl": "https://www.notion.so/221b06aa7d2e80228d78e79e0efaf861"
        },
        "limit": 1,
        "filterType": "manual",
        "matchType": "allFilters",
        "filters": {
          "conditions": [
            {
              "key": "Tags|multi_select",
              "condition": "contains",
              "multiSelectValue": "={{ $json['Comment Word'] }}"
            }
          ]
        },
        "options": {}
      },
      "type": "n8n-nodes-base.notion",
      "typeVersion": 2.2,
      "position": [
        -20,
        -20
      ],
      "id": "7ccb6741-c5c8-4f35-93af-a8f348011fb4",
      "name": "Notion",
      "credentials": {
        "notionApi": {
          "id": "kRSdLPqa2uISxm89",
          "name": "Lakshit Notion Account"
        }
      }
    },
    {
      "parameters": {
        "jsCode": "const items = $input.all();\nconst formSubmission = $(\"On form submission\").all()[0];\n\nconst updatedItems = items.map((item) => {\n  item.json.property_body = item.json.property_body.replace(\n    \"[First Name]\",\n    formSubmission.json[\"What is your Name\"],\n  );\n  return item;\n});\n\nreturn updatedItems;\n"
      },
      "type": "n8n-nodes-base.code",
      "typeVersion": 2,
      "position": [
        200,
        -20
      ],
      "id": "2665608c-8ac9-4fb9-94a6-9b12b0c6ff1f",
      "name": "Code"
    },
    {
      "parameters": {
        "url": "={{ $json.property_file[0] }}",
        "options": {
          "response": {
            "response": {
              "responseFormat": "file"
            }
          }
        }
      },
      "type": "n8n-nodes-base.httpRequest",
      "typeVersion": 4.2,
      "position": [
        420,
        -20
      ],
      "id": "2fda1adc-daf3-4f91-82b0-8de5d015d4f1",
      "name": "HTTP Request"
    },
    {
      "parameters": {
        "sendTo": "={{ $('On form submission').item.json['Email ID'] }}",
        "subject": "={{ $json.property_subject }}",
        "message": "={{ $json.property_body }}",
        "options": {
          "appendAttribution": false,
          "attachmentsUi": {
            "attachmentsBinary": [
              {}
            ]
          }
        }
      },
      "type": "n8n-nodes-base.gmail",
      "typeVersion": 2.1,
      "position": [
        640,
        -20
      ],
      "id": "e5ac386d-0ed1-4d8f-9369-93418d717397",
      "name": "Gmail",
      "webhookId": "07df2a24-4e1d-4988-a0db-29550f037519",
      "credentials": {
        "gmailOAuth2": {
          "id": "hsdHDoXhllFhyisx",
          "name": "Gmail account"
        }
      }
    }
  ],
  "connections": {
    "On form submission": {
      "main": [
        [
          {
            "node": "Notion",
            "type": "main",
            "index": 0
          }
        ]
      ]
    },
    "Notion": {
      "main": [
        [
          {
            "node": "Code",
            "type": "main",
            "index": 0
          }
        ]
      ]
    },
    "Code": {
      "main": [
        [
          {
            "node": "HTTP Request",
            "type": "main",
            "index": 0
          }
        ]
      ]
    },
    "HTTP Request": {
      "main": [
        [
          {
            "node": "Gmail",
            "type": "main",
            "index": 0
          }
        ]
      ]
    }
  },
  "settings": {
    "executionOrder": "v1"
  },
  "staticData": null,
  "pinData": {
    "On form submission": [
      {
        "json": {
          "What is your Name": "Lakshit",
          "Email ID": "lakshitukani77@gmail.com",
          "Comment Word": "automation",
          "submittedAt": "2025-06-30T01:21:07.143+05:30",
          "formMode": "test"
        }
      }
    ]
  },
  "triggerCount": 0,
  "meta": {
    "templateCredsSetupCompleted": true
  }
}