{
  "name": "My workflow 6",
  "nodes": [
    {
      "parameters": {
        "method": "POST",
        "url": "https://pubsubhubbub.appspot.com/subscribe",
        "sendHeaders": true,
        "headerParameters": {
          "parameters": [
            {
              "name": "Content-Type",
              "value": "application/x-www-form-urlencoded"
            }
          ]
        },
        "sendBody": true,
        "contentType": "form-urlencoded",
        "bodyParameters": {
          "parameters": [
            {
              "name": "hub.callback",
              "value": "https://lakshit1996.app.n8n.cloud/webhook/youtube-demo"
            },
            {
              "name": "hub.topic",
              "value": "https://www.youtube.com/xml/feeds/videos.xml?channel_id=UCpuKtSx_Cu8_ikyhlKAWBYA"
            },
            {
              "name": "hub.verify",
              "value": "async"
            },
            {
              "name": "hub.mode",
              "value": "subscribe"
            },
            {
              "name": "hub.verify_token",
              "value": "lakshit"
            },
            {
              "name": "hub.secret",
              "value": "lakshit"
            },
            {
              "name": "hub.lease_seconds",
              "value": "864000"
            }
          ]
        },
        "options": {}
      },
      "type": "n8n-nodes-base.httpRequest",
      "typeVersion": 4.2,
      "position": [
        -40,
        -140
      ],
      "id": "e060eef3-9cfc-4dd4-abbc-df07135f521d",
      "name": "Subscribe to Youtube"
    },
    {
      "parameters": {
        "multipleMethods": true,
        "path": "youtube-demo",
        "responseMode": "responseNode",
        "options": {}
      },
      "type": "n8n-nodes-base.webhook",
      "typeVersion": 2,
      "position": [
        -320,
        100
      ],
      "id": "fb0ac60b-a4e8-4e04-a2b0-7b9a3b07f24e",
      "name": "Webhook",
      "webhookId": "2b2080d8-ae5f-4d5b-a092-6d48e9edd531"
    },
    {
      "parameters": {
        "respondWith": "text",
        "responseBody": "={{ $json.challenge }}",
        "options": {}
      },
      "type": "n8n-nodes-base.respondToWebhook",
      "typeVersion": 1.3,
      "position": [
        200,
        80
      ],
      "id": "81806cad-5d29-420f-8aee-f9e529949efc",
      "name": "Respond to Webhook"
    },
    {
      "parameters": {
        "rule": {
          "interval": [
            {
              "daysInterval": 8
            }
          ]
        }
      },
      "type": "n8n-nodes-base.scheduleTrigger",
      "typeVersion": 1.2,
      "position": [
        -300,
        -140
      ],
      "id": "c9d55663-0fa1-481e-915a-4836b481ddb0",
      "name": "Schedule Trigger"
    },
    {
      "parameters": {
        "jsCode": "const query = $input.first().json.query;\nconst verifyToken = query['hub.verify_token'];\nconst challenge = query['hub.challenge'];\nconst mode = query['hub.mode'];\n\n// Verify the token matches what you sent (yours is \"lakshit\")\nif (verifyToken === 'lakshit' && mode === 'subscribe') {\n  return [{\n    json: {\n      challenge: challenge,\n      status: 200,\n      message: 'Verification successful'\n    }\n  }];\n} else {\n  return [{\n    json: {\n      challenge: 'Forbidden',\n      status: 403,\n      message: 'Invalid verification'\n    }\n  }];\n}"
      },
      "type": "n8n-nodes-base.code",
      "typeVersion": 2,
      "position": [
        -40,
        80
      ],
      "id": "6fd35ae9-5038-4ca3-a338-b0bcc5c1d91d",
      "name": "Code"
    },
    {
      "parameters": {
        "operation": "appendOrUpdate",
        "documentId": {
          "__rl": true,
          "value": "1QwZDdM51H8_41fqz_xsvt5xrdRAu6rLslYjCslzo9Ag",
          "mode": "list",
          "cachedResultName": "Youtube to Blog",
          "cachedResultUrl": "https://docs.google.com/spreadsheets/d/1QwZDdM51H8_41fqz_xsvt5xrdRAu6rLslYjCslzo9Ag/edit?usp=drivesdk"
        },
        "sheetName": {
          "__rl": true,
          "value": "gid=0",
          "mode": "list",
          "cachedResultName": "Sheet1",
          "cachedResultUrl": "https://docs.google.com/spreadsheets/d/1QwZDdM51H8_41fqz_xsvt5xrdRAu6rLslYjCslzo9Ag/edit#gid=0"
        },
        "columns": {
          "mappingMode": "defineBelow",
          "value": {
            "Youtube Video Link": "={{ $json.body.feed.entry.link.$.href }}",
            "Video ID": "={{ $json.body.feed.entry['yt:videoid'] }}",
            "Status": "ready"
          },
          "matchingColumns": [
            "Video ID"
          ],
          "schema": [
            {
              "id": "Youtube Video Link",
              "displayName": "Youtube Video Link",
              "required": false,
              "defaultMatch": false,
              "display": true,
              "type": "string",
              "canBeUsedToMatch": true
            },
            {
              "id": "Status",
              "displayName": "Status",
              "required": false,
              "defaultMatch": false,
              "display": true,
              "type": "string",
              "canBeUsedToMatch": true
            },
            {
              "id": "Video Title",
              "displayName": "Video Title",
              "required": false,
              "defaultMatch": false,
              "display": true,
              "type": "string",
              "canBeUsedToMatch": true,
              "removed": true
            },
            {
              "id": "Video Thumbnail ",
              "displayName": "Video Thumbnail ",
              "required": false,
              "defaultMatch": false,
              "display": true,
              "type": "string",
              "canBeUsedToMatch": true,
              "removed": true
            },
            {
              "id": "Video ID",
              "displayName": "Video ID",
              "required": false,
              "defaultMatch": false,
              "display": true,
              "type": "string",
              "canBeUsedToMatch": true,
              "removed": false
            },
            {
              "id": "Transcript",
              "displayName": "Transcript",
              "required": false,
              "defaultMatch": false,
              "display": true,
              "type": "string",
              "canBeUsedToMatch": true,
              "removed": true
            },
            {
              "id": "Post Made?",
              "displayName": "Post Made?",
              "required": false,
              "defaultMatch": false,
              "display": true,
              "type": "string",
              "canBeUsedToMatch": true,
              "removed": true
            },
            {
              "id": "Post Made?",
              "displayName": "Post Made?",
              "required": false,
              "defaultMatch": false,
              "display": true,
              "type": "string",
              "canBeUsedToMatch": true
            }
          ],
          "attemptToConvertTypes": false,
          "convertFieldsToString": false
        },
        "options": {}
      },
      "type": "n8n-nodes-base.googleSheets",
      "typeVersion": 4.6,
      "position": [
        -60,
        300
      ],
      "id": "ae99786d-0cab-4de9-b5de-c9337437468f",
      "name": "Google Sheets",
      "credentials": {
        "googleSheetsOAuth2Api": {
          "id": "uvQG3YEEXtu5NVSj",
          "name": "Freelance Account"
        }
      }
    }
  ],
  "connections": {
    "Webhook": {
      "main": [
        [
          {
            "node": "Code",
            "type": "main",
            "index": 0
          }
        ],
        [
          {
            "node": "Google Sheets",
            "type": "main",
            "index": 0
          }
        ]
      ]
    },
    "Schedule Trigger": {
      "main": [
        [
          {
            "node": "Subscribe to Youtube",
            "type": "main",
            "index": 0
          }
        ]
      ]
    },
    "Code": {
      "main": [
        [
          {
            "node": "Respond to Webhook",
            "type": "main",
            "index": 0
          }
        ]
      ]
    }
  },
  "settings": {
    "executionOrder": "v1"
  },
  "staticData": {
    "node:Schedule Trigger": {
      "recurrenceRules": []
    }
  },
  "pinData": {},
  "triggerCount": 2,
  "meta": {
    "templateCredsSetupCompleted": true
  }
}