{
  "name": "Linkedin Post",
  "nodes": [
    {
      "parameters": {
        "updates": [
          "message"
        ],
        "additionalFields": {}
      },
      "name": "Telegram Trigger",
      "type": "n8n-nodes-base.telegramTrigger",
      "typeVersion": 1,
      "position": [
        -760,
        -460
      ],
      "id": "cafae17f-2dde-4611-8eb0-e3c13178953a",
      "webhookId": "1d81122d-7c73-4150-84bd-95d4cba42b28",
      "credentials": {
        "telegramApi": {
          "id": "VcCCpiDfvg9KIAT8",
          "name": "n8n_lakshit_agent_cred"
        }
      }
    },
    {
      "parameters": {
        "resource": "file",
        "fileId": "={{ $('Telegram Trigger').item.json.message.photo[1].file_id }}"
      },
      "name": "Download Photo",
      "type": "n8n-nodes-base.telegram",
      "typeVersion": 1,
      "position": [
        -540,
        -460
      ],
      "id": "2a3cc1a1-e82c-45ab-85f1-317d8d09eca0",
      "webhookId": "63e7239c-f129-46a1-9803-9e0c45ee43e6",
      "credentials": {
        "telegramApi": {
          "id": "VcCCpiDfvg9KIAT8",
          "name": "n8n_lakshit_agent_cred"
        }
      }
    },
    {
      "parameters": {
        "person": "sLOe2wyr3H",
        "text": "test",
        "shareMediaCategory": "IMAGE",
        "additionalFields": {}
      },
      "type": "n8n-nodes-base.linkedIn",
      "typeVersion": 1,
      "position": [
        -320,
        -460
      ],
      "id": "cabf78a1-e0e6-4229-a80f-14276afd048a",
      "name": "Upload Image to Linkedin",
      "credentials": {
        "linkedInOAuth2Api": {
          "id": "KY53TAcGREGU1cb7",
          "name": "LinkedIn account"
        }
      },
      "onError": "continueErrorOutput"
    },
    {
      "parameters": {
        "url": "https://api.linkedin.com/v2/userinfo",
        "authentication": "genericCredentialType",
        "genericAuthType": "httpHeaderAuth",
        "options": {}
      },
      "type": "n8n-nodes-base.httpRequest",
      "typeVersion": 4.2,
      "position": [
        -100,
        -385
      ],
      "id": "a3475632-b4e6-4adf-9ae4-2c15b6c00e1e",
      "name": "Linkedin User ID",
      "credentials": {
        "httpHeaderAuth": {
          "id": "sPlC9jjGIeOPBPJZ",
          "name": "Lakshit Linkedin"
        }
      }
    },
    {
      "parameters": {
        "method": "POST",
        "url": "={{ $('Register Upload').item.json.value.uploadMechanism['com.linkedin.digitalmedia.uploading.MediaUploadHttpRequest'].uploadUrl }}",
        "authentication": "genericCredentialType",
        "genericAuthType": "httpHeaderAuth",
        "sendBody": true,
        "contentType": "binaryData",
        "inputDataFieldName": "data",
        "options": {}
      },
      "type": "n8n-nodes-base.httpRequest",
      "typeVersion": 4.2,
      "position": [
        560,
        -385
      ],
      "id": "c81393b1-6cde-4ff2-9b26-4de498bf318b",
      "name": "Upload Image1",
      "credentials": {
        "httpHeaderAuth": {
          "id": "sPlC9jjGIeOPBPJZ",
          "name": "Lakshit Linkedin"
        }
      }
    },
    {
      "parameters": {
        "method": "POST",
        "url": "https://api.linkedin.com/v2/ugcPosts",
        "authentication": "genericCredentialType",
        "genericAuthType": "httpHeaderAuth",
        "sendBody": true,
        "specifyBody": "json",
        "jsonBody": "={\n    \"author\": \"urn:li:person:{{ $('Linkedin User ID').item.json.sub }}\",\n    \"lifecycleState\": \"PUBLISHED\",\n    \"specificContent\": {\n        \"com.linkedin.ugc.ShareContent\": {\n            \"shareCommentary\": {\n                \"text\": \"Feeling inspired after meeting so many talented individuals at this year's conference. #talentconnect\"\n            },\n            \"shareMediaCategory\": \"IMAGE\",\n            \"media\": [\n                {\n                    \"status\": \"READY\",\n                    \"description\": {\n                        \"text\": \"Center stage!\"\n                    },\n                    \"media\": \"{{ $('Register Upload').item.json.value.asset }}\",\n                    \"title\": {\n                        \"text\": \"LinkedIn Talent Connect 2021\"\n                    }\n                }\n            ]\n        }\n    },\n    \"visibility\": {\n        \"com.linkedin.ugc.MemberNetworkVisibility\": \"PUBLIC\"\n    }\n}",
        "options": {
          "redirect": {
            "redirect": {}
          }
        }
      },
      "type": "n8n-nodes-base.httpRequest",
      "typeVersion": 4.2,
      "position": [
        780,
        -385
      ],
      "id": "0fd0795f-b1cd-4eef-baea-5558dd119132",
      "name": "Linkedin Feed Post",
      "credentials": {
        "httpHeaderAuth": {
          "id": "sPlC9jjGIeOPBPJZ",
          "name": "Lakshit Linkedin"
        }
      }
    },
    {
      "parameters": {
        "chatId": "={{ $('Telegram Trigger').item.json.message.chat.id }}",
        "text": "Photo Uploaded",
        "additionalFields": {
          "appendAttribution": false
        }
      },
      "type": "n8n-nodes-base.telegram",
      "typeVersion": 1.2,
      "position": [
        1000,
        -460
      ],
      "id": "bbf3660f-6c04-44b7-94e7-9a49080d9f28",
      "name": "Telegram",
      "webhookId": "d210ca72-0b65-4538-9b03-f4a2abc7d4af",
      "credentials": {
        "telegramApi": {
          "id": "VcCCpiDfvg9KIAT8",
          "name": "n8n_lakshit_agent_cred"
        }
      }
    },
    {
      "parameters": {
        "resource": "file",
        "fileId": "={{ $('Telegram Trigger').item.json.message.photo[1].file_id }}"
      },
      "name": "Download Photo1",
      "type": "n8n-nodes-base.telegram",
      "typeVersion": 1,
      "position": [
        340,
        -385
      ],
      "id": "99fe1443-d83f-4d7e-a425-3c3ed0491647",
      "webhookId": "63e7239c-f129-46a1-9803-9e0c45ee43e6",
      "credentials": {
        "telegramApi": {
          "id": "VcCCpiDfvg9KIAT8",
          "name": "n8n_lakshit_agent_cred"
        }
      }
    },
    {
      "parameters": {
        "method": "POST",
        "url": "https://api.linkedin.com/v2/assets?action=registerUpload",
        "authentication": "genericCredentialType",
        "genericAuthType": "httpHeaderAuth",
        "sendBody": true,
        "specifyBody": "json",
        "jsonBody": "={\n    \"registerUploadRequest\": {\n        \"recipes\": [\n            \"urn:li:digitalmediaRecipe:feedshare-image\"\n        ],\n        \"owner\": \"urn:li:person:{{ $json.sub }}\",\n        \"serviceRelationships\": [\n            {\n                \"relationshipType\": \"OWNER\",\n                \"identifier\": \"urn:li:userGeneratedContent\"\n            }\n        ]\n    }\n}",
        "options": {}
      },
      "type": "n8n-nodes-base.httpRequest",
      "typeVersion": 4.2,
      "position": [
        120,
        -385
      ],
      "id": "21a83f9e-2287-4043-bd1f-6148ec178c32",
      "name": "Register Upload",
      "credentials": {
        "httpHeaderAuth": {
          "id": "sPlC9jjGIeOPBPJZ",
          "name": "Lakshit Linkedin"
        }
      }
    }
  ],
  "connections": {
    "Telegram Trigger": {
      "main": [
        [
          {
            "node": "Download Photo",
            "type": "main",
            "index": 0
          }
        ]
      ]
    },
    "Download Photo": {
      "main": [
        [
          {
            "node": "Upload Image to Linkedin",
            "type": "main",
            "index": 0
          }
        ]
      ]
    },
    "Linkedin User ID": {
      "main": [
        [
          {
            "node": "Register Upload",
            "type": "main",
            "index": 0
          }
        ]
      ]
    },
    "Upload Image1": {
      "main": [
        [
          {
            "node": "Linkedin Feed Post",
            "type": "main",
            "index": 0
          }
        ]
      ]
    },
    "Upload Image to Linkedin": {
      "main": [
        [
          {
            "node": "Telegram",
            "type": "main",
            "index": 0
          }
        ],
        [
          {
            "node": "Linkedin User ID",
            "type": "main",
            "index": 0
          }
        ]
      ]
    },
    "Linkedin Feed Post": {
      "main": [
        [
          {
            "node": "Telegram",
            "type": "main",
            "index": 0
          }
        ]
      ]
    },
    "Download Photo1": {
      "main": [
        [
          {
            "node": "Upload Image1",
            "type": "main",
            "index": 0
          }
        ]
      ]
    },
    "Register Upload": {
      "main": [
        [
          {
            "node": "Download Photo1",
            "type": "main",
            "index": 0
          }
        ]
      ]
    }
  },
  "settings": {
    "executionOrder": "v1"
  },
  "staticData": null,
  "pinData": {},
  "triggerCount": 0,
  "meta": {
    "templateCredsSetupCompleted": true
  }
}