{
  "name": "My workflow 14",
  "nodes": [
    {
      "parameters": {
        "httpMethod": "POST",
        "path": "inbound",
        "options": {}
      },
      "type": "n8n-nodes-base.webhook",
      "typeVersion": 2,
      "position": [
        0,
        0
      ],
      "id": "644b30f9-be90-4e58-a22a-512d67d0a7a9",
      "name": "Webhook",
      "webhookId": "256a2722-8610-4a40-a13c-c3ee3bb0fd80"
    }
  ],
  "connections": {},
  "settings": {
    "executionOrder": "v1"
  },
  "staticData": null,
  "pinData": {},
  "triggerCount": 0,
  "meta": null
}