{
  "name": "My workflow 4",
  "nodes": [
    {
      "parameters": {
        "content": "# 📱 Telegram Productivity Assistant\n\nThis workflow automatically processes different types of content sent via Telegram:\n- 📸 **Images**: Uploaded to Notion with captions\n- 📝 **Text**: Added as headings in Notion\n- 📁 **Files**: Stored in Google Drive with tracking",
        "height": 540,
        "width": 520
      },
      "type": "n8n-nodes-base.stickyNote",
      "typeVersion": 1,
      "position": [
        740,
        -20
      ],
      "id": "7fb97ccd-9572-4e0f-8504-907f6b3e7032",
      "name": "Main Description"
    },
    {
      "parameters": {
        "updates": [
          "message"
        ],
        "additionalFields": {}
      },
      "type": "n8n-nodes-base.telegramTrigger",
      "typeVersion": 1.1,
      "position": [
        840,
        240
      ],
      "id": "22ae4187-082c-4bc4-910b-f1f4fa4fc382",
      "name": "📱 Telegram Message Trigger",
      "webhookId": "1c4f6611-d006-4305-8c3b-a35690a03858",
      "credentials": {
        "telegramApi": {
          "id": "HTmNODGaUscEHOIF",
          "name": "AI Employee"
        }
      }
    },
    {
      "parameters": {
        "rules": {
          "values": [
            {
              "conditions": {
                "options": {
                  "caseSensitive": true,
                  "leftValue": "",
                  "typeValidation": "strict",
                  "version": 2
                },
                "conditions": [
                  {
                    "id": "d7a05336-69bc-44c2-8b65-d5dfe4392aec",
                    "leftValue": "={{ $json.message.photo }}",
                    "rightValue": "",
                    "operator": {
                      "type": "array",
                      "operation": "exists",
                      "singleValue": true
                    }
                  }
                ],
                "combinator": "and"
              },
              "renameOutput": true,
              "outputKey": "Image"
            },
            {
              "conditions": {
                "options": {
                  "caseSensitive": true,
                  "leftValue": "",
                  "typeValidation": "strict",
                  "version": 2
                },
                "conditions": [
                  {
                    "id": "ad5f60f6-76a9-44b7-a02d-d5899894fb89",
                    "leftValue": "={{ $json.message.text }}",
                    "rightValue": "",
                    "operator": {
                      "type": "string",
                      "operation": "exists",
                      "singleValue": true
                    }
                  }
                ],
                "combinator": "and"
              },
              "renameOutput": true,
              "outputKey": "=Text"
            },
            {
              "conditions": {
                "options": {
                  "caseSensitive": true,
                  "leftValue": "",
                  "typeValidation": "strict",
                  "version": 2
                },
                "conditions": [
                  {
                    "id": "eeb67e61-4a67-4abe-8a5e-841d8e82969d",
                    "leftValue": "={{ $json.message.document }}",
                    "rightValue": "",
                    "operator": {
                      "type": "object",
                      "operation": "exists",
                      "singleValue": true
                    }
                  }
                ],
                "combinator": "and"
              },
              "renameOutput": true,
              "outputKey": "File"
            }
          ]
        },
        "options": {}
      },
      "type": "n8n-nodes-base.switch",
      "typeVersion": 3.2,
      "position": [
        1080,
        240
      ],
      "id": "5baab503-9bdf-40b1-b9c1-c4af7fc41f3a",
      "name": "🔀 Content Type Router"
    },
    {
      "parameters": {
        "content": "## 📸 IMAGE PROCESSING PATH\nHandles photos sent via Telegram:\n1. Downloads image from Telegram\n2. Converts to base64\n3. Uploads to ImgBB for hosting\n4. Adds to Notion with caption",
        "height": 400,
        "width": 870,
        "color": 4
      },
      "type": "n8n-nodes-base.stickyNote",
      "typeVersion": 1,
      "position": [
        1485,
        -200
      ],
      "id": "52202a7a-8425-4c78-9bc3-5a7b6d469f2e",
      "name": "Image Path Description"
    },
    {
      "parameters": {
        "resource": "file",
        "fileId": "={{ $json.message.photo[2].file_id }}"
      },
      "type": "n8n-nodes-base.telegram",
      "typeVersion": 1.2,
      "position": [
        1900,
        -160
      ],
      "id": "6a457799-2c91-4315-926a-e7ec700f9058",
      "name": "📥 Download Telegram Image",
      "webhookId": "eb105ffc-c110-4cb5-846d-714c1601a9b6",
      "credentials": {
        "telegramApi": {
          "id": "HTmNODGaUscEHOIF",
          "name": "AI Employee"
        }
      }
    },
    {
      "parameters": {
        "operation": "binaryToPropery",
        "options": {}
      },
      "type": "n8n-nodes-base.extractFromFile",
      "typeVersion": 1,
      "position": [
        2160,
        -160
      ],
      "id": "deb12631-3d35-43d9-aea7-75175346a4aa",
      "name": "🔄 Convert to Base64"
    },
    {
      "parameters": {
        "method": "POST",
        "url": "https://api.imgbb.com/1/upload",
        "sendQuery": true,
        "queryParameters": {
          "parameters": [
            {
              "name": "expiration",
              "value": "600"
            },
            {
              "name": "key",
              "value": "5149a947b71fc96f6d3857743aedc32f"
            }
          ]
        },
        "sendBody": true,
        "contentType": "form-urlencoded",
        "bodyParameters": {
          "parameters": [
            {
              "name": "image",
              "value": "={{ $json.data }}"
            }
          ]
        },
        "options": {
          "redirect": {
            "redirect": {}
          }
        }
      },
      "type": "n8n-nodes-base.httpRequest",
      "typeVersion": 4.2,
      "position": [
        1900,
        40
      ],
      "id": "bd89c3f3-1dd9-474d-a759-422e0fda3193",
      "name": "🌐 Upload to ImgBB"
    },
    {
      "parameters": {
        "method": "PATCH",
        "url": "https://api.notion.com/v1/blocks/1fdb06aa7d2e80b384a6eb99788f67fb/children",
        "authentication": "genericCredentialType",
        "genericAuthType": "httpHeaderAuth",
        "sendHeaders": true,
        "headerParameters": {
          "parameters": [
            {
              "name": "Notion-Version",
              "value": "2022-06-28"
            }
          ]
        },
        "sendBody": true,
        "specifyBody": "json",
        "jsonBody": "={\n  \"children\": [\n    {\n      \"object\": \"block\",\n      \"type\": \"toggle\",\n      \"toggle\": {\n        \"rich_text\": [\n          {\n            \"type\": \"text\",\n            \"text\": {\n              \"content\": \"{{ $('🔀 Content Type Router').item.json.message.caption }} - {{ $('📱 Telegram Message Trigger').item.json.message.from.first_name }} {{ $('📱 Telegram Message Trigger').item.json.message.from.last_name }}\"\n            }\n          }\n        ],\n        \"children\": [\n          {\n            \"object\": \"block\",\n            \"type\": \"image\",\n            \"image\": {\n              \"type\": \"external\",\n              \"external\": {\n                \"url\": \"{{ $json.data.url }}\"\n              }\n            }\n          }\n        ]\n      }\n    }\n  ]\n}",
        "options": {}
      },
      "type": "n8n-nodes-base.httpRequest",
      "typeVersion": 4.2,
      "position": [
        2160,
        40
      ],
      "id": "2921fbd4-b279-4f98-8e83-2f3969d33a26",
      "name": "📝 Add Image to Notion",
      "credentials": {
        "httpHeaderAuth": {
          "id": "OTXO91Lx1ygu5w6m",
          "name": "Lakshit Notion Account"
        }
      }
    },
    {
      "parameters": {
        "content": "## 📝 TEXT PROCESSING PATH\nHandles text messages sent via Telegram:\n- Adds text as heading in Notion page",
        "height": 100,
        "width": 350,
        "color": 5
      },
      "type": "n8n-nodes-base.stickyNote",
      "typeVersion": 1,
      "position": [
        1820,
        240
      ],
      "id": "04f89ce6-488e-451e-8301-d2a251102a64",
      "name": "Text Path Description"
    },
    {
      "parameters": {
        "resource": "block",
        "blockId": {
          "__rl": true,
          "value": "1fdb06aa7d2e80b384a6eb99788f67fb",
          "mode": "id"
        },
        "blockUi": {
          "blockValues": [
            {
              "type": "heading_3",
              "textContent": "={{ $json.message.text }}"
            }
          ]
        }
      },
      "type": "n8n-nodes-base.notion",
      "typeVersion": 2.2,
      "position": [
        2200,
        240
      ],
      "id": "c3387bd6-7b83-4a5b-8974-9478d95d7081",
      "name": "📝 Add Text to Notion",
      "credentials": {
        "notionApi": {
          "id": "kRSdLPqa2uISxm89",
          "name": "Lakshit Notion Account"
        }
      }
    },
    {
      "parameters": {
        "content": "## 📁 FILE PROCESSING PATH\nHandles document files sent via Telegram:\n1. Downloads file from Telegram\n2. Uploads to Google Drive\n3. Records file details in Google Sheets\n4. Tracks: name, uploader, size, type, creation date",
        "height": 500,
        "width": 770,
        "color": 6
      },
      "type": "n8n-nodes-base.stickyNote",
      "typeVersion": 1,
      "position": [
        1280,
        380
      ],
      "id": "eea10444-64d2-4612-9900-5a8523e5f423",
      "name": "File Path Description"
    },
    {
      "parameters": {
        "resource": "file",
        "fileId": "={{ $json.message.document.file_id }}"
      },
      "type": "n8n-nodes-base.telegram",
      "typeVersion": 1.2,
      "position": [
        1640,
        500
      ],
      "id": "dead3577-529b-4a9c-9ab5-12e6ba6438fe",
      "name": "📥 Download Telegram File",
      "webhookId": "daf3efb6-7ba8-4c33-b0bd-83987b86851b",
      "credentials": {
        "telegramApi": {
          "id": "HTmNODGaUscEHOIF",
          "name": "AI Employee"
        }
      }
    },
    {
      "parameters": {
        "name": "={{ $('📱 Telegram Message Trigger').item.json.message.document.file_name }}",
        "driveId": {
          "__rl": true,
          "mode": "list",
          "value": "My Drive"
        },
        "folderId": {
          "__rl": true,
          "value": "1Y9p3y0P7X39ZnMCH16iFpJbRofLnmR9u",
          "mode": "list",
          "cachedResultName": "n8n",
          "cachedResultUrl": "https://drive.google.com/drive/folders/1Y9p3y0P7X39ZnMCH16iFpJbRofLnmR9u"
        },
        "options": {}
      },
      "type": "n8n-nodes-base.googleDrive",
      "typeVersion": 3,
      "position": [
        1640,
        720
      ],
      "id": "a3e77a99-a848-478c-a488-7245d3231a40",
      "name": "☁️ Upload to Google Drive",
      "credentials": {
        "googleDriveOAuth2Api": {
          "id": "mKBEbVvdjhh9SFpW",
          "name": "Google Drive Lakshit77 account"
        }
      }
    },
    {
      "parameters": {
        "operation": "append",
        "documentId": {
          "__rl": true,
          "value": "1RZs7yzvmJZrlHMonYhHNrgmyNIBlYaZt3Lp5XY5fen0",
          "mode": "list",
          "cachedResultName": "File Storage",
          "cachedResultUrl": "https://docs.google.com/spreadsheets/d/1RZs7yzvmJZrlHMonYhHNrgmyNIBlYaZt3Lp5XY5fen0/edit?usp=drivesdk"
        },
        "sheetName": {
          "__rl": true,
          "value": "gid=0",
          "mode": "list",
          "cachedResultName": "Sheet1",
          "cachedResultUrl": "https://docs.google.com/spreadsheets/d/1RZs7yzvmJZrlHMonYhHNrgmyNIBlYaZt3Lp5XY5fen0/edit#gid=0"
        },
        "columns": {
          "mappingMode": "defineBelow",
          "value": {
            "File Name ": "={{ $('🔀 Content Type Router').item.json.message.document.file_name }}",
            "Person Uploaded": "={{ $('🔀 Content Type Router').item.json.message.from.first_name }} {{ $('🔀 Content Type Router').item.json.message.from.last_name }}",
            "Drive Link": "={{ $json.webViewLink }}",
            "Created At": "={{ $json.createdTime.toDateTime().toFormat(\"dd-MM-yyyy HH:mm\") }}",
            "File Type": "={{ $json.fileExtension }}",
            "File Size": "={{ ($json.size / (1024 * 1024)).toFixed(2) }} mb"
          },
          "matchingColumns": [],
          "schema": [
            {
              "id": "Person Uploaded",
              "displayName": "Person Uploaded",
              "required": false,
              "defaultMatch": false,
              "display": true,
              "type": "string",
              "canBeUsedToMatch": true,
              "removed": false
            },
            {
              "id": "File Name ",
              "displayName": "File Name ",
              "required": false,
              "defaultMatch": false,
              "display": true,
              "type": "string",
              "canBeUsedToMatch": true
            },
            {
              "id": "Created At",
              "displayName": "Created At",
              "required": false,
              "defaultMatch": false,
              "display": true,
              "type": "string",
              "canBeUsedToMatch": true
            },
            {
              "id": "File Type",
              "displayName": "File Type",
              "required": false,
              "defaultMatch": false,
              "display": true,
              "type": "string",
              "canBeUsedToMatch": true,
              "removed": false
            },
            {
              "id": "File Size",
              "displayName": "File Size",
              "required": false,
              "defaultMatch": false,
              "display": true,
              "type": "string",
              "canBeUsedToMatch": true,
              "removed": false
            },
            {
              "id": "Drive Link",
              "displayName": "Drive Link",
              "required": false,
              "defaultMatch": false,
              "display": true,
              "type": "string",
              "canBeUsedToMatch": true
            }
          ],
          "attemptToConvertTypes": false,
          "convertFieldsToString": false
        },
        "options": {}
      },
      "type": "n8n-nodes-base.googleSheets",
      "typeVersion": 4.5,
      "position": [
        1860,
        600
      ],
      "id": "e33ca757-0ee8-45eb-9242-21b64814384d",
      "name": "📊 Record in Google Sheets",
      "credentials": {
        "googleSheetsOAuth2Api": {
          "id": "uvQG3YEEXtu5NVSj",
          "name": "Freelance Account"
        }
      }
    },
    {
      "parameters": {
        "content": "## ✅ COMPLETION NOTIFICATION\nSends confirmation message back to Telegram user after successful processing",
        "height": 380,
        "width": 300,
        "color": 3
      },
      "type": "n8n-nodes-base.stickyNote",
      "typeVersion": 1,
      "position": [
        2520,
        80
      ],
      "id": "2687e751-f308-4d37-9583-c061cce1810a",
      "name": "Completion Description"
    },
    {
      "parameters": {
        "chatId": "={{ $('📱 Telegram Message Trigger').item.json.message.chat.id }}",
        "text": "✅ Task Completed Successfully! Your content has been processed and saved.",
        "additionalFields": {
          "appendAttribution": false
        }
      },
      "type": "n8n-nodes-base.telegram",
      "typeVersion": 1.2,
      "position": [
        2620,
        240
      ],
      "id": "aad8ae8c-ac34-460f-bce3-dc9d644963d6",
      "name": "✅ Send Completion Message",
      "webhookId": "5cf134ee-b78d-4603-bb13-a88ff5f42f7b",
      "credentials": {
        "telegramApi": {
          "id": "HTmNODGaUscEHOIF",
          "name": "AI Employee"
        }
      }
    }
  ],
  "connections": {
    "🔀 Content Type Router": {
      "main": [
        [
          {
            "node": "📥 Download Telegram Image",
            "type": "main",
            "index": 0
          }
        ],
        [
          {
            "node": "📝 Add Text to Notion",
            "type": "main",
            "index": 0
          }
        ],
        [
          {
            "node": "📥 Download Telegram File",
            "type": "main",
            "index": 0
          }
        ]
      ]
    },
    "📥 Download Telegram Image": {
      "main": [
        [
          {
            "node": "🔄 Convert to Base64",
            "type": "main",
            "index": 0
          }
        ]
      ]
    },
    "🌐 Upload to ImgBB": {
      "main": [
        [
          {
            "node": "📝 Add Image to Notion",
            "type": "main",
            "index": 0
          }
        ]
      ]
    },
    "🔄 Convert to Base64": {
      "main": [
        [
          {
            "node": "🌐 Upload to ImgBB",
            "type": "main",
            "index": 0
          }
        ]
      ]
    },
    "📝 Add Text to Notion": {
      "main": [
        [
          {
            "node": "✅ Send Completion Message",
            "type": "main",
            "index": 0
          }
        ]
      ]
    },
    "📱 Telegram Message Trigger": {
      "main": [
        [
          {
            "node": "🔀 Content Type Router",
            "type": "main",
            "index": 0
          }
        ]
      ]
    },
    "📝 Add Image to Notion": {
      "main": [
        [
          {
            "node": "✅ Send Completion Message",
            "type": "main",
            "index": 0
          }
        ]
      ]
    },
    "☁️ Upload to Google Drive": {
      "main": [
        [
          {
            "node": "📊 Record in Google Sheets",
            "type": "main",
            "index": 0
          }
        ]
      ]
    },
    "📥 Download Telegram File": {
      "main": [
        [
          {
            "node": "☁️ Upload to Google Drive",
            "type": "main",
            "index": 0
          }
        ]
      ]
    },
    "📊 Record in Google Sheets": {
      "main": [
        [
          {
            "node": "✅ Send Completion Message",
            "type": "main",
            "index": 0
          }
        ]
      ]
    }
  },
  "settings": {
    "executionOrder": "v1"
  },
  "staticData": null,
  "pinData": {},
  "triggerCount": 0,
  "meta": null
}