{
  "name": "My workflow 3",
  "nodes": [
    {
      "parameters": {
        "updates": [
          "message"
        ],
        "additionalFields": {}
      },
      "name": "Telegram Trigger",
      "type": "n8n-nodes-base.telegramTrigger",
      "typeVersion": 1,
      "position": [
        0,
        0
      ],
      "id": "f2d7f0a0-ddc6-4d59-ae36-1c805239fe7f",
      "webhookId": "2ea46d55-80f4-405a-b075-0b974e70eb4f",
      "credentials": {
        "telegramApi": {
          "id": "gYN5ihP5sIxS6dff",
          "name": "Telegram account"
        }
      }
    },
    {
      "parameters": {
        "functionCode": "const fileId = items[0].json.message.photo.slice(-1)[0].file_id;\nreturn [{ json: { file_id: fileId } }];"
      },
      "name": "Get File ID",
      "type": "n8n-nodes-base.function",
      "typeVersion": 1,
      "position": [
        200,
        0
      ],
      "id": "ea774fce-db3e-4144-8b52-53b616a9f089"
    },
    {
      "parameters": {
        "url": "https://api.telegram.org/botYOUR_BOT_TOKEN/getFile?file_id={{$json[\"file_id\"]}}",
        "options": {}
      },
      "name": "Get File Path",
      "type": "n8n-nodes-base.httpRequest",
      "typeVersion": 1,
      "position": [
        400,
        0
      ],
      "id": "5bfdd3db-270b-4403-b0ca-db7180323cb3"
    },
    {
      "parameters": {
        "functionCode": "const botToken = 'YOUR_BOT_TOKEN';\nconst filePath = $json.result.file_path;\nconst imageUrl = `https://api.telegram.org/file/bot${botToken}/${filePath}`;\nreturn [{ json: { imageUrl } }];"
      },
      "name": "Build File URL",
      "type": "n8n-nodes-base.function",
      "typeVersion": 1,
      "position": [
        600,
        0
      ],
      "id": "b4c6b5bf-8af4-4283-a023-62e525dbb7df"
    },
    {
      "parameters": {
        "pageId": {
          "__rl": true,
          "mode": "url",
          "value": ""
        },
        "options": {}
      },
      "name": "Add to Notion",
      "type": "n8n-nodes-base.notion",
      "typeVersion": 1,
      "position": [
        800,
        0
      ],
      "id": "1e1f9b57-6165-43c9-80e6-0d863280aca6"
    },
    {
      "parameters": {
        "chatId": "={{$json[\"message\"][\"chat\"][\"id\"]}}",
        "text": "Screenshot added to Notion ✅",
        "additionalFields": {}
      },
      "name": "Confirm to Telegram",
      "type": "n8n-nodes-base.telegram",
      "typeVersion": 1,
      "position": [
        1000,
        0
      ],
      "id": "5949deec-a7e7-4102-a80c-a3434c219173",
      "webhookId": "572fcc7b-be13-4adc-a2e5-d437e65f32bc"
    }
  ],
  "connections": {
    "Telegram Trigger": {
      "main": [
        [
          {
            "node": "Get File ID",
            "type": "main",
            "index": 0
          }
        ]
      ]
    },
    "Get File ID": {
      "main": [
        [
          {
            "node": "Get File Path",
            "type": "main",
            "index": 0
          }
        ]
      ]
    },
    "Get File Path": {
      "main": [
        [
          {
            "node": "Build File URL",
            "type": "main",
            "index": 0
          }
        ]
      ]
    },
    "Build File URL": {
      "main": [
        [
          {
            "node": "Add to Notion",
            "type": "main",
            "index": 0
          },
          {
            "node": "Confirm to Telegram",
            "type": "main",
            "index": 0
          }
        ]
      ]
    }
  },
  "settings": {
    "executionOrder": "v1"
  },
  "staticData": null,
  "pinData": {},
  "triggerCount": 0,
  "meta": null
}