{
  "name": "My workflow 13",
  "nodes": [
    {
      "parameters": {
        "path": "15a2c7a3-40fa-4d54-8248-b5952acfe52b",
        "options": {}
      },
      "type": "n8n-nodes-base.webhook",
      "typeVersion": 2,
      "position": [
        -140,
        -180
      ],
      "id": "681d7ff9-66d4-4386-bc90-bbdabf44528d",
      "name": "Webhook",
      "webhookId": "15a2c7a3-40fa-4d54-8248-b5952acfe52b"
    },
    {
      "parameters": {
        "formTitle": "Dental Lead Information",
        "formFields": {
          "values": [
            {
              "fieldLabel": "Name",
              "placeholder": "User Name",
              "requiredField": true
            },
            {
              "fieldLabel": "Email ID",
              "fieldType": "email",
              "placeholder": "Email",
              "requiredField": true
            },
            {
              "fieldLabel": "Phone Number",
              "fieldType": "number",
              "placeholder": "Phone Number",
              "requiredField": true
            }
          ]
        },
        "options": {}
      },
      "type": "n8n-nodes-base.formTrigger",
      "typeVersion": 2.2,
      "position": [
        100,
        -40
      ],
      "id": "c3862d20-b13e-4046-87cc-9427d15d4e15",
      "name": "On form submission",
      "webhookId": "24048f90-7a7b-48b6-82a0-1a61169943ae"
    }
  ],
  "connections": {},
  "settings": {
    "executionOrder": "v1"
  },
  "staticData": null,
  "pinData": {},
  "triggerCount": 0,
  "meta": null
}