{
  "name": "Complete Linkedin Posting",
  "nodes": [
    {
      "parameters": {
        "updates": [
          "message"
        ],
        "additionalFields": {}
      },
      "name": "Telegram Trigger",
      "type": "n8n-nodes-base.telegramTrigger",
      "typeVersion": 1,
      "position": [
        -220,
        -260
      ],
      "id": "752b9a38-b4cd-4013-9aa7-963d95e2fa0d",
      "webhookId": "1d81122d-7c73-4150-84bd-95d4cba42b28",
      "credentials": {
        "telegramApi": {
          "id": "VcCCpiDfvg9KIAT8",
          "name": "n8n_lakshit_agent_cred"
        }
      }
    },
    {
      "parameters": {
        "person": "sLOe2wyr3H",
        "text": "={{ $('image set field').item.json.caption }}",
        "shareMediaCategory": "IMAGE",
        "binaryPropertyName": "daa",
        "additionalFields": {}
      },
      "type": "n8n-nodes-base.linkedIn",
      "typeVersion": 1,
      "position": [
        1100,
        -435
      ],
      "id": "8615a42d-de55-4d61-a2e2-ab2cdab537d0",
      "name": "Upload Image to Linkedin",
      "credentials": {
        "linkedInOAuth2Api": {
          "id": "KY53TAcGREGU1cb7",
          "name": "LinkedIn account"
        }
      },
      "onError": "continueErrorOutput"
    },
    {
      "parameters": {
        "url": "https://api.linkedin.com/v2/userinfo",
        "authentication": "genericCredentialType",
        "genericAuthType": "httpHeaderAuth",
        "options": {}
      },
      "type": "n8n-nodes-base.httpRequest",
      "typeVersion": 4.2,
      "position": [
        1320,
        -285
      ],
      "id": "36758c21-806e-41e0-b7a3-7da7cb93c207",
      "name": "Linkedin User ID",
      "credentials": {
        "httpHeaderAuth": {
          "id": "sPlC9jjGIeOPBPJZ",
          "name": "Lakshit Linkedin"
        }
      }
    },
    {
      "parameters": {
        "method": "POST",
        "url": "https://api.linkedin.com/v2/ugcPosts",
        "authentication": "genericCredentialType",
        "genericAuthType": "httpHeaderAuth",
        "sendBody": true,
        "specifyBody": "json",
        "jsonBody": "={\n    \"author\": \"urn:li:person:{{ $('Linkedin User ID').item.json.sub }}\",\n    \"lifecycleState\": \"PUBLISHED\",\n    \"specificContent\": {\n        \"com.linkedin.ugc.ShareContent\": {\n            \"shareCommentary\": {\n                \"text\": \"{{ $('File ID variable').item.json.caption }}\"\n            },\n            \"shareMediaCategory\": \"IMAGE\",\n            \"media\": [\n                {\n                    \"status\": \"READY\",\n                    \"description\": {\n                        \"text\": \"Center stage!\"\n                    },\n                    \"media\": \"{{ $('Register Upload').item.json.value.asset }}\",\n                    \"title\": {\n                        \"text\": \"{{ $('File ID variable').item.json.caption }}\"\n                    }\n                }\n            ]\n        }\n    },\n    \"visibility\": {\n        \"com.linkedin.ugc.MemberNetworkVisibility\": \"PUBLIC\"\n    }\n}",
        "options": {
          "redirect": {
            "redirect": {}
          }
        }
      },
      "type": "n8n-nodes-base.httpRequest",
      "typeVersion": 4.2,
      "position": [
        2200,
        -285
      ],
      "id": "1cc3a469-8bc4-40ed-8b10-e1b3a25983ca",
      "name": "Linkedin Feed Post",
      "credentials": {
        "httpHeaderAuth": {
          "id": "sPlC9jjGIeOPBPJZ",
          "name": "Lakshit Linkedin"
        }
      }
    },
    {
      "parameters": {
        "chatId": "={{ $('Telegram Trigger').item.json.message.chat.id }}",
        "text": "={{ $('File ID variable').item.json.file_type }} Uploaded",
        "additionalFields": {
          "appendAttribution": false
        }
      },
      "type": "n8n-nodes-base.telegram",
      "typeVersion": 1.2,
      "position": [
        2420,
        -360
      ],
      "id": "ca016160-2f09-40af-bc36-dc57296bbcae",
      "name": "Telegram",
      "webhookId": "d210ca72-0b65-4538-9b03-f4a2abc7d4af",
      "credentials": {
        "telegramApi": {
          "id": "VcCCpiDfvg9KIAT8",
          "name": "n8n_lakshit_agent_cred"
        }
      }
    },
    {
      "parameters": {
        "method": "POST",
        "url": "https://api.linkedin.com/v2/assets?action=registerUpload",
        "authentication": "genericCredentialType",
        "genericAuthType": "httpHeaderAuth",
        "sendBody": true,
        "specifyBody": "json",
        "jsonBody": "={\n    \"registerUploadRequest\": {\n        \"recipes\": [\n            \"urn:li:digitalmediaRecipe:feedshare-{{ $('File ID variable').item.json.file_type }}\"\n        ],\n        \"owner\": \"urn:li:person:{{ $json.sub }}\",\n        \"serviceRelationships\": [\n            {\n                \"relationshipType\": \"OWNER\",\n                \"identifier\": \"urn:li:userGeneratedContent\"\n            }\n        ]\n    }\n}",
        "options": {}
      },
      "type": "n8n-nodes-base.httpRequest",
      "typeVersion": 4.2,
      "position": [
        1540,
        -285
      ],
      "id": "9f49dab3-5687-4bff-ad13-a65ff3d3adda",
      "name": "Register Upload",
      "credentials": {
        "httpHeaderAuth": {
          "id": "sPlC9jjGIeOPBPJZ",
          "name": "Lakshit Linkedin"
        }
      }
    },
    {
      "parameters": {
        "rules": {
          "values": [
            {
              "conditions": {
                "options": {
                  "caseSensitive": true,
                  "leftValue": "",
                  "typeValidation": "strict",
                  "version": 2
                },
                "conditions": [
                  {
                    "leftValue": "={{ $json.message.photo }}",
                    "rightValue": "",
                    "operator": {
                      "type": "array",
                      "operation": "exists",
                      "singleValue": true
                    },
                    "id": "8aaedc08-9d9d-4624-a785-80e868cbc078"
                  }
                ],
                "combinator": "and"
              },
              "renameOutput": true,
              "outputKey": "Image"
            },
            {
              "conditions": {
                "options": {
                  "caseSensitive": true,
                  "leftValue": "",
                  "typeValidation": "strict",
                  "version": 2
                },
                "conditions": [
                  {
                    "id": "c0a2d4a7-10ac-4a04-a2b8-f44b920efffc",
                    "leftValue": "={{ $json.message.video }}",
                    "rightValue": "",
                    "operator": {
                      "type": "object",
                      "operation": "exists",
                      "singleValue": true
                    }
                  }
                ],
                "combinator": "and"
              },
              "renameOutput": true,
              "outputKey": "Video"
            },
            {
              "conditions": {
                "options": {
                  "caseSensitive": true,
                  "leftValue": "",
                  "typeValidation": "strict",
                  "version": 2
                },
                "conditions": [
                  {
                    "id": "e31c0855-c18f-46f1-a2c2-75fcfade2b24",
                    "leftValue": "={{ $json.message.text }}",
                    "rightValue": "",
                    "operator": {
                      "type": "string",
                      "operation": "exists",
                      "singleValue": true
                    }
                  }
                ],
                "combinator": "and"
              },
              "renameOutput": true,
              "outputKey": "Text"
            }
          ]
        },
        "options": {}
      },
      "type": "n8n-nodes-base.switch",
      "typeVersion": 3.2,
      "position": [
        0,
        -260
      ],
      "id": "058e293e-4bb2-4756-971c-38a430962f2e",
      "name": "Switch"
    },
    {
      "parameters": {
        "person": "sLOe2wyr3H",
        "text": "={{ $json.message.tet }}",
        "shareMediaCategory": "=NONE",
        "additionalFields": {}
      },
      "type": "n8n-nodes-base.linkedIn",
      "typeVersion": 1,
      "position": [
        220,
        -10
      ],
      "id": "d0f2d42a-fcbe-44c5-9079-b0fb5cd8e76f",
      "name": "Upload Image to Linkedin1",
      "credentials": {
        "linkedInOAuth2Api": {
          "id": "KY53TAcGREGU1cb7",
          "name": "LinkedIn account"
        }
      },
      "onError": "continueErrorOutput"
    },
    {
      "parameters": {
        "chatId": "={{ $('Telegram Trigger').item.json.message.chat.id }}",
        "text": "Text Post Uploaded",
        "additionalFields": {
          "appendAttribution": false
        }
      },
      "type": "n8n-nodes-base.telegram",
      "typeVersion": 1.2,
      "position": [
        880,
        -10
      ],
      "id": "b3f244bd-e645-45f6-8d77-01af2ed266e4",
      "name": "Telegram1",
      "webhookId": "d210ca72-0b65-4538-9b03-f4a2abc7d4af",
      "credentials": {
        "telegramApi": {
          "id": "VcCCpiDfvg9KIAT8",
          "name": "n8n_lakshit_agent_cred"
        }
      }
    },
    {
      "parameters": {
        "url": "https://api.linkedin.com/v2/userinfo",
        "authentication": "genericCredentialType",
        "genericAuthType": "httpHeaderAuth",
        "options": {}
      },
      "type": "n8n-nodes-base.httpRequest",
      "typeVersion": 4.2,
      "position": [
        440,
        65
      ],
      "id": "2f8fc850-a6f2-4aa2-8f29-e583e4ec6fd1",
      "name": "Linkedin User ID1",
      "credentials": {
        "httpHeaderAuth": {
          "id": "sPlC9jjGIeOPBPJZ",
          "name": "Lakshit Linkedin"
        }
      }
    },
    {
      "parameters": {
        "method": "POST",
        "url": "https://api.linkedin.com/v2/ugcPosts",
        "authentication": "genericCredentialType",
        "genericAuthType": "httpHeaderAuth",
        "sendBody": true,
        "specifyBody": "json",
        "jsonBody": "={\n    \"author\": \"urn:li:person:{{ $json.sub }}\",\n    \"lifecycleState\": \"PUBLISHED\",\n    \"specificContent\": {\n        \"com.linkedin.ugc.ShareContent\": {\n            \"shareCommentary\": {\n                \"text\": \"{{ $('Telegram Trigger').item.json.message.text }}\"\n            },\n            \"shareMediaCategory\": \"NONE\"   \n        }\n    },\n    \"visibility\": {\n        \"com.linkedin.ugc.MemberNetworkVisibility\": \"PUBLIC\"\n    }\n} ",
        "options": {
          "redirect": {
            "redirect": {}
          }
        }
      },
      "type": "n8n-nodes-base.httpRequest",
      "typeVersion": 4.2,
      "position": [
        660,
        65
      ],
      "id": "9120ef92-0094-409a-b9cf-43a2854eb488",
      "name": "Linkedin Feed Post1",
      "credentials": {
        "httpHeaderAuth": {
          "id": "sPlC9jjGIeOPBPJZ",
          "name": "Lakshit Linkedin"
        }
      }
    },
    {
      "parameters": {
        "assignments": {
          "assignments": [
            {
              "id": "3fef774a-9959-4b54-b2c6-8f0d1199b3af",
              "name": "file_id",
              "value": "={{ $json.message.video.file_id }}",
              "type": "string"
            },
            {
              "id": "d7071033-d545-4d7d-8ebc-3352913911de",
              "name": "file_type",
              "value": "video",
              "type": "string"
            },
            {
              "id": "1c3eab90-3a66-4170-8dcd-588ed1a41120",
              "name": "caption",
              "value": "={{ $json.message.caption }}",
              "type": "string"
            }
          ]
        },
        "options": {}
      },
      "type": "n8n-nodes-base.set",
      "typeVersion": 3.4,
      "position": [
        220,
        -260
      ],
      "id": "b402add1-afe8-4a27-b3a1-b2ca5e7827ef",
      "name": "video set field"
    },
    {
      "parameters": {
        "assignments": {
          "assignments": [
            {
              "id": "b21c7a42-058e-49e4-8886-9763b206c281",
              "name": "file_id",
              "value": "={{ $('Telegram Trigger').item.json.message.photo[1].file_id }}",
              "type": "string"
            },
            {
              "id": "17dbd855-1d24-404c-9083-3513ec08af47",
              "name": "file_type",
              "value": "image",
              "type": "string"
            },
            {
              "id": "16326c3f-09cd-489b-9a49-83d50f8ebd3e",
              "name": "caption",
              "value": "={{ $json.message.caption }}",
              "type": "string"
            }
          ]
        },
        "options": {}
      },
      "type": "n8n-nodes-base.set",
      "typeVersion": 3.4,
      "position": [
        220,
        -460
      ],
      "id": "47fd84f5-92c6-490d-bdfa-5219b8b9ba98",
      "name": "image set field"
    },
    {
      "parameters": {
        "assignments": {
          "assignments": [
            {
              "id": "8703e7cc-fb13-4a64-b732-f4b38e1733a7",
              "name": "file_id",
              "value": "={{ $json.file_id }}",
              "type": "string"
            },
            {
              "id": "fcbd3405-672b-47b5-92b1-7a0f1e456b7b",
              "name": "file_type",
              "value": "={{ $json.file_type }}",
              "type": "string"
            },
            {
              "id": "3420972a-d976-403c-809f-a5844bcf6805",
              "name": "caption",
              "value": "={{ $json.caption }}",
              "type": "string"
            }
          ]
        },
        "options": {}
      },
      "type": "n8n-nodes-base.set",
      "typeVersion": 3.4,
      "position": [
        440,
        -360
      ],
      "id": "ff9d4532-8424-4757-afdc-397f6102b6ab",
      "name": "File ID variable"
    },
    {
      "parameters": {
        "resource": "file",
        "fileId": "={{ $json.file_id }}"
      },
      "name": "Download File",
      "type": "n8n-nodes-base.telegram",
      "typeVersion": 1,
      "position": [
        660,
        -360
      ],
      "id": "eeeb1491-a9da-40a7-9568-80bfac5bbeaf",
      "webhookId": "63e7239c-f129-46a1-9803-9e0c45ee43e6",
      "credentials": {
        "telegramApi": {
          "id": "VcCCpiDfvg9KIAT8",
          "name": "n8n_lakshit_agent_cred"
        }
      }
    },
    {
      "parameters": {
        "resource": "file",
        "fileId": "={{ $('File ID variable').item.json.file_id }}"
      },
      "name": "Download Filee",
      "type": "n8n-nodes-base.telegram",
      "typeVersion": 1,
      "position": [
        1760,
        -285
      ],
      "id": "cfe8ce0e-5e2a-4b35-bf55-2d945d259ddb",
      "webhookId": "63e7239c-f129-46a1-9803-9e0c45ee43e6",
      "credentials": {
        "telegramApi": {
          "id": "VcCCpiDfvg9KIAT8",
          "name": "n8n_lakshit_agent_cred"
        }
      }
    },
    {
      "parameters": {
        "conditions": {
          "options": {
            "caseSensitive": true,
            "leftValue": "",
            "typeValidation": "strict",
            "version": 2
          },
          "conditions": [
            {
              "id": "cef37ae9-fdeb-4b25-b689-a324d8d156bc",
              "leftValue": "={{ $('File ID variable').item.json.file_type }}",
              "rightValue": "image",
              "operator": {
                "type": "string",
                "operation": "equals"
              }
            }
          ],
          "combinator": "and"
        },
        "options": {}
      },
      "type": "n8n-nodes-base.if",
      "typeVersion": 2.2,
      "position": [
        880,
        -360
      ],
      "id": "7322b0fd-5a04-43a4-a825-c125618a4980",
      "name": "image or video"
    },
    {
      "parameters": {
        "method": "POST",
        "url": "={{ $('Register Upload').item.json.value.uploadMechanism['com.linkedin.digitalmedia.uploading.MediaUploadHttpRequest'].uploadUrl }}",
        "authentication": "genericCredentialType",
        "genericAuthType": "httpHeaderAuth",
        "sendBody": true,
        "contentType": "binaryData",
        "inputDataFieldName": "data",
        "options": {}
      },
      "type": "n8n-nodes-base.httpRequest",
      "typeVersion": 4.2,
      "position": [
        1980,
        -280
      ],
      "id": "d7cbfee0-1fe3-475f-b8a6-9f88b16cb357",
      "name": "Upload Filee",
      "credentials": {
        "httpHeaderAuth": {
          "id": "sPlC9jjGIeOPBPJZ",
          "name": "Lakshit Linkedin"
        }
      }
    }
  ],
  "connections": {
    "Telegram Trigger": {
      "main": [
        [
          {
            "node": "Switch",
            "type": "main",
            "index": 0
          }
        ]
      ]
    },
    "Linkedin User ID": {
      "main": [
        [
          {
            "node": "Register Upload",
            "type": "main",
            "index": 0
          }
        ]
      ]
    },
    "Upload Image to Linkedin": {
      "main": [
        [
          {
            "node": "Telegram",
            "type": "main",
            "index": 0
          }
        ],
        [
          {
            "node": "Linkedin User ID",
            "type": "main",
            "index": 0
          }
        ]
      ]
    },
    "Linkedin Feed Post": {
      "main": [
        [
          {
            "node": "Telegram",
            "type": "main",
            "index": 0
          }
        ]
      ]
    },
    "Register Upload": {
      "main": [
        [
          {
            "node": "Download Filee",
            "type": "main",
            "index": 0
          }
        ]
      ]
    },
    "Switch": {
      "main": [
        [
          {
            "node": "image set field",
            "type": "main",
            "index": 0
          }
        ],
        [
          {
            "node": "video set field",
            "type": "main",
            "index": 0
          }
        ],
        [
          {
            "node": "Upload Image to Linkedin1",
            "type": "main",
            "index": 0
          }
        ]
      ]
    },
    "Upload Image to Linkedin1": {
      "main": [
        [
          {
            "node": "Telegram1",
            "type": "main",
            "index": 0
          }
        ],
        [
          {
            "node": "Linkedin User ID1",
            "type": "main",
            "index": 0
          }
        ]
      ]
    },
    "Linkedin User ID1": {
      "main": [
        [
          {
            "node": "Linkedin Feed Post1",
            "type": "main",
            "index": 0
          }
        ]
      ]
    },
    "Linkedin Feed Post1": {
      "main": [
        [
          {
            "node": "Telegram1",
            "type": "main",
            "index": 0
          }
        ]
      ]
    },
    "video set field": {
      "main": [
        [
          {
            "node": "File ID variable",
            "type": "main",
            "index": 0
          }
        ]
      ]
    },
    "image set field": {
      "main": [
        [
          {
            "node": "File ID variable",
            "type": "main",
            "index": 0
          }
        ]
      ]
    },
    "File ID variable": {
      "main": [
        [
          {
            "node": "Download File",
            "type": "main",
            "index": 0
          }
        ]
      ]
    },
    "Download File": {
      "main": [
        [
          {
            "node": "image or video",
            "type": "main",
            "index": 0
          }
        ]
      ]
    },
    "Download Filee": {
      "main": [
        [
          {
            "node": "Upload Filee",
            "type": "main",
            "index": 0
          }
        ]
      ]
    },
    "image or video": {
      "main": [
        [
          {
            "node": "Upload Image to Linkedin",
            "type": "main",
            "index": 0
          }
        ],
        [
          {
            "node": "Linkedin User ID",
            "type": "main",
            "index": 0
          }
        ]
      ]
    },
    "Upload Filee": {
      "main": [
        [
          {
            "node": "Linkedin Feed Post",
            "type": "main",
            "index": 0
          }
        ]
      ]
    }
  },
  "settings": {
    "executionOrder": "v1"
  },
  "staticData": null,
  "pinData": {},
  "triggerCount": 0,
  "meta": null
}